<?xml version="1.0" encoding="UTF-8"?>
<LightningComponentBundle xmlns="http://soap.sforce.com/2006/04/metadata">
    <apiVersion>59.0</apiVersion>
    <isExposed>true</isExposed>
    <masterLabel>Explore your benefits</masterLabel>
    <targets>
        <target>lightningCommunity__Page</target>
        <target>lightningCommunity__Default</target>
    </targets>
    <targetConfigs>
        <targetConfig targets="lightningCommunity__Default">
            <property type="ContentReference" name="contentKey" label="Content key" />
            <property type="String" name="headingType" label="Heading type"/>
            <property type="String" name="referralUrl" label="Referral Url"/>
      </targetConfig>
    </targetConfigs> 
</LightningComponentBundle>