<?xml version="1.0" encoding="UTF-8"?>
<LightningComponentBundle xmlns="http://soap.sforce.com/2006/04/metadata">
    <apiVersion>59.0</apiVersion>
    <isExposed>true</isExposed>
    <targets>
        <target>lightningCommunity__Page</target>
        <target>lightningCommunity__Default</target>
    </targets>
    <masterLabel>Banner extension</masterLabel>
    <targetConfigs>
        <targetConfig targets="lightningCommunity__Default">

            <property name="mainheading" type="String" label=" Main Heading" description="User should change Main Heading on builder" default=""></property>
            <property name="description1" type="String" label=" Description 1" description="User should change description on builder" default=""></property>
            <property name="description2" type="String" label=" Description 2" description="User should change description on builder" default=""></property>
            <property name="description3" type="String" label=" Description 3" description="User should change description on builder" default=""></property>
            <property name="description4" type="String" label=" Description 4" description="User should change description on builder" default=""></property>
            <property name="description5" type="String" label=" Description 5" description="User should change description on builder" default=""></property>

      </targetConfig>
    </targetConfigs> 
</LightningComponentBundle>