<?xml version="1.0" encoding="UTF-8"?>
<LightningComponentBundle xmlns="http://soap.sforce.com/2006/04/metadata">
    <apiVersion>59.0</apiVersion>
    <isExposed>true</isExposed>
    <targets>
        <target>lightningCommunity__Page</target>
        <target>lightningCommunity__Default</target>
    </targets>
    <masterLabel>Narrative panel</masterLabel>

    <targetConfigs>
        <targetConfig targets="lightningCommunity__Default">
            <property name="firstheadingsection" type="String" label="First Heading Section" description="User should change First Heading Text on builder." default=""></property>
            <property name="changePrimaryHeadingcolor" type="Boolean" label="Change the heading color to First Heading" description="Change the heading color to first." default="true"></property>
            <property name="secondheadingsection" type="String" label="Second Heading Section" description="User should change Second Heading Text on builder." default=""></property>
            <property name="changeSecondryHeadingcolor" type="Boolean" label="Change Primary Heading Color" description="Change the heading color to second" default="false"></property>
            <property name="description" type="String" label="Add Description Text" description="User should change description text on builder Main Heading" default=""></property>
            <property name="btn_01_text" type="String" label="Button Text" description="User should change Button text" default=""></property>
            <property name="btn_01_link" type="String" label ="Button Link" default="https://www.google.com/"></property>



      </targetConfig>
    </targetConfigs> 
</LightningComponentBundle>