<?xml version="1.0" encoding="UTF-8"?>
<LightningComponentBundle xmlns="urn:metadata.tooling.soap.sforce.com" fqn="ei_NI_TenantInsuredPostLogin">
    <apiVersion>57.0</apiVersion>
    <isExposed>true</isExposed>
    <targets>
		<target>lightning__HomePage</target>
		<target>lightning__RecordPage</target>
		<target>lightning__AppPage</target>
		<target>lightning__UtilityBar</target>
		<target>lightning__Tab</target>
		<target>lightningCommunity__Page</target>
	</targets>
</LightningComponentBundle>