<?xml version="1.0" encoding="UTF-8"?>
<LightningComponentBundle xmlns="http://soap.sforce.com/2006/04/metadata">
    <apiVersion>59.0</apiVersion>
    <isExposed>true</isExposed>
    <targets>
        <target>lightningCommunity__Page</target>
        <target>lightningCommunity__Default</target>
    </targets>
    <masterLabel>Tile with CTA</masterLabel>
    <targetConfigs>
        <targetConfig targets="lightningCommunity__Default">
        <property name="main_heading" type="String" label="Main Heading" description="User should change Main Heading on builder" default=""></property>
     <!-- Tile1 Property -->
         <property name="tile1heading" type="String" label="Heading Tile 1" description="User should change Sub Heading on builder" default=""></property>
         <property name="descriptiontile1" type="String" label="Description Tile 1" description="User should change Description on builder" default=""></property>
         <property name="loginbuttontile1" type="String" label="Button Text Tile 1" description="User should change Button text" default=""></property>
         <property name="buttonlinktile1" type="String" label="Button Link Tile 1"  default="/nitds1/"></property>
         <property name="loginbutton2tile1" type="String" label="Button 2 Text Tile 1" description="User should change Button text" default=""></property>
         <property name="buttonlink2tile1" type="String" label="Button 2 Link Tile 1"  default="/nitds1/"></property>
       
     <!-- Tile 2 property -->
     <property name="tile2heading" type="String" label=" Heading Tile 2" description="User should change Sub Heading on builder" default=""></property>
     <property name="descriptiontile2" type="String" label="Description 1 Tile 2" description="User should change Description on builder" default=""></property>
     <property name="description2tile2" type="String" label="Description 2 Tile 2" description="User should change Description on builder" default=""></property>
     <property name="loginbuttontile2" type="String" label="Button Text Tile 2" description="User should change Button text" default=""></property>
     <property name="buttonlinktile2" type="String" label="Button Link Tile 2"  default="/nitds1/"></property>
     <property name="loginbutton2tile2" type="String" label="Button 2 Text Tile 2" description="User should change Button text" default=""></property>
     <property name="button2linktile2" type="String" label="button 2 Link Tile 2"  default="/nitds1/"></property>
     <property
     name="bgColor"
     type="Color"
     label="Tile Background Color"
     default="#F5F5F5"
 />
      </targetConfig>
    </targetConfigs> 
</LightningComponentBundle>