<?xml version="1.0" encoding="UTF-8"?>
<LightningComponentBundle xmlns="http://soap.sforce.com/2006/04/metadata">
    <apiVersion>59.0</apiVersion>
    <isExposed>true</isExposed>
    <targets>
        <target>lightningCommunity__Page</target>
        <target>lightningCommunity__Default</target>
    </targets>
    <masterLabel>Main Banner</masterLabel>

    <targetConfigs>
        <targetConfig targets="lightningCommunity__Default">
            <!-- <property type="ContentReference" name="contentKey" label="Content key" filter="cms_image"/>   -->
            <property name="headding1" type="String" label="Heading 1" description="Change the heading text" default=""></property>
            <property name="heading2" type="String" label="Heading 2" description="Change the heading text" default=""></property>
            <property name="description" type="String" label="Description" description="User should change description Text on builder." default=""></property>
            <property name="btn_01_text" type="String" label="Button 1 Text" description="User should change Button text" default=""></property>
            <property name="btn_01_link" type="String" label ="Button 1 Link" default="https://www.google.com/"></property>
            <property name="btn_02_text" type="String" label="Button 2 Text" description="User should change Button text" default=""></property>
            <property name="btn_02_link" type="String" label ="Button 2 Link" default="https://www.google.com/"></property>
      </targetConfig>
    </targetConfigs> 
</LightningComponentBundle>