<?xml version="1.0" encoding="UTF-8"?>
<LightningComponentBundle xmlns="http://soap.sforce.com/2006/04/metadata" fqn="eI_NI_Tenant_EvidenceGathering_Cmp">
     <apiVersion>58.0</apiVersion>
    <isExposed>true</isExposed>
    <targets>
		<target>lightning__HomePage</target>
		<target>lightning__RecordPage</target>
		<target>lightning__AppPage</target>
		<target>lightning__UtilityBar</target>
		<target>lightning__Tab</target>
		<target>lightningCommunity__Page</target>
	</targets>
</LightningComponentBundle>