<?xml version="1.0" encoding="UTF-8"?>
<LightningComponentBundle xmlns="http://soap.sforce.com/2006/04/metadata">
    <apiVersion>59.0</apiVersion>
    <isExposed>true</isExposed>
    <targets>
        <target>lightningCommunity__Page</target>
        <target>lightningCommunity__Default</target>
    </targets>
    <masterLabel>Three Column Tiles</masterLabel>

    <targetConfigs>
        <targetConfig targets="lightningCommunity__Default">
     <!-- Digit 1 Property -->
         <property name="digit1" type="String" label="Digit 1" description="User should change Digit on builder" default=""></property>
         <property name="subheading1" type="String" label="Sub Heading Digit 1" description="User should change subheading on builder" default=""></property>
         <property name="description1" type="String" label="Description Digit 1" description="User should change description text" default=""></property>
       
    <!-- Digit 2 Property -->
         <property name="digit2" type="String" label="Digit 2" description="User should change Digit on builder" default=""></property>
         <property name="subheading2" type="String" label="Sub Heading Digit 2" description="User should change subheading on builder" default=""></property>
         <property name="description2" type="String" label="Description Digit 2" description="User should change description text" default=""></property>
    
    <!-- Digit 3 Property -->
          <property name="digit3" type="String" label="Digit 3" description="User should change Digit on builder" default=""></property>
          <property name="subheading3" type="String" label="Sub Heading Digit 3" description="User should change subheading on builder" default=""></property>
          <property name="description3" type="String" label="Description Digit 3" description="User should change description text" default=""></property>
     
    <!-- Digit 4 Property -->
         <property name="digit4" type="String" label="Digit 4" description="User should change Digit on builder" default=""></property>
         <property name="subheading4" type="String" label="Sub Heading Digit 4" description="User should change subheading on builder" default=""></property>
         <property name="description4" type="String" label="Description Digit 4" description="User should change description text" default=""></property>
    
    <!-- Digit 5 Property -->
          <property name="digit5" type="String" label="Digit 5" description="User should change Digit on builder" default=""></property>
          <property name="subheading5" type="String" label="Sub Heading Digit 5" description="User should change subheading on builder" default=""></property>
          <property name="description5" type="String" label="Description Digit 5" description="User should change description text" default=""></property>
     
      </targetConfig>
    </targetConfigs> 
</LightningComponentBundle>